HLA Type,Mutated Peptide,Model,"Predicted Label (1 = positive, 0 = negative)",Immunogenicity Score,Final Rank
HLA-B*44:02,KEIIPQCI,CNN_BioBERT FCNN_TF,1,0.995286584,1
HLA-B*44:02,REYLYVYKI,CNN_BioBERT FCNN_TF,1,0.98691076,2
HLA-A*03:01,RTREFTAKK,FCNN_BioBERT,1,0.985891998,3
HLA-A*68:01,EIIPQCIAR,CNN_BioBERT,1,0.984752516,4
HLA-A*02:01,VLFSNESSL,FCNN_BioBERT,1,0.982165635,5
HLA-A*03:01,RTREFTAKKIK,FCNN_BioBERT,1,0.980858386,6
HLA-A*01:01,ILDTAGHEEY,FCNN_BioBERT,1,0.980721842,7
HLA-A*01:01,FSSPTHSLY,FCNN_BioBERT,1,0.980541468,8
HLA-A*68:01,TNFYETAMR,FCNN_BioBERT,1,0.980419219,9
HLA-A*01:01,FSSPTHSLYV,FCNN_BioBERT,1,0.978833973,10
HLA-B*07:02,TPGTRGPI,CNN_BioBERT FCNN_TF,1,0.977215469,11
HLA-B*07:02,RPVGGRPGW,CNN_BioBERT FCNN_TF,1,0.975813389,12
HLA-B*44:02,SEGKLPYSY,CNN_BioBERT FCNN_TF,1,0.975744843,13
HLA-A*01:01,LSDGPSMGRY,FCNN_BioBERT,1,0.975621963,14
HLA-B*07:02,RPTYEEGFL,CNN_BioBERT FCNN_TF,1,0.975234449,15
HLA-A*01:01,ISVATFLPY,FCNN_BioBERT,1,0.97428596,16
HLA-B*44:02,AEVSVLYTV,CNN_BioBERT FCNN_TF,1,0.973591566,17
HLA-B*44:02,GEEVLLHAF,CNN_BioBERT FCNN_TF,1,0.969422996,18
HLA-B*44:02,REMLKRQERF,CNN_BioBERT FCNN_TF,1,0.969347596,19
